,capital_expense_f_year,capital_expense_t_period,classification,currency_unit,end_date,f_earning_before_tax,items_name,number,period_mark,sale_in_dome_mark_inco_f_year,sale_in_dome_mark_inco_t_peri,secu_abbr,secu_code,subse_perfo_this_period,subse_perfor_former_year,subsection_asset_at_begi,subsection_asset_at_end,subsection_income_f_year,subsection_income_f_year %,subsection_income_t_period,subsection_income_t_period %,subsection_owes_at_begi,subsection_owes_at_end,t_earning_before_tax
0,811000000.0000,726000000.0000,按业务,港元,2020-06-30,,港口及相关服务,1,半年度,,,长和,00001,,,95087000000.0000,92844000000.0000,13401000000.0,0.09078038206205122,12268000000.0,0.09841878524841358,33398000000.0000,33033000000.0000,
1,954000000.0000,628000000.0000,按业务,港元,2020-06-30,,零售,2,半年度,,,长和,00001,,,215357000000.0000,213491000000.0000,65784000000.0,0.4456306733504945,56156000000.0,0.45050581222773983,48523000000.0000,47814000000.0000,
2,3695000000.0000,113000000.0000,按业务,港元,2020-06-30,,基建,3,半年度,,,长和,00001,,,230100000000.0000,231689000000.0000,9974000000.0,0.06756537054599648,3278000000.0,0.026297422403350153,38777000000.0000,43135000000.0000,
3,0,0,按业务,港元,2020-06-30,,赫斯基能源,4,半年度,,,长和,00001,,,61706000000.0000,55057000000.0000,0.0,0.0,0.0,0.0,0,0,
4,7365000000.0000,6650000000.0000,按业务,港元,2020-06-30,,欧洲3集团,5,半年度,,,长和,00001,,,321998000000.0000,321705000000.0000,43459000000.0,0.2943977780788511,40519000000.0,0.32505956630913513,61300000000.0000,55997000000.0000,
5,154000000.0000,307000000.0000,按业务,港元,2020-06-30,,和记电讯香港控股,6,半年度,,,长和,00001,,,15848000000.0000,16038000000.0000,2515000000.0,0.017036986858149302,1982000000.0,0.01590039389976815,2060000000.0000,2278000000.0000,
6,2000000.0000,7000000.0000,按业务,港元,2020-06-30,,企业及其他,7,半年度,,,长和,00001,,,15544000000.0000,17240000000.0000,157000000.0,0.0010635415255385449,133000000.0,0.0010669790053830293,82604000000.0000,83066000000.0000,
7,1131000000.0000,1787000000.0000,按业务,港元,2020-06-30,,和记电讯亚洲,8,半年度,,,长和,00001,,,15782000000.0000,16236000000.0000,4325000000.0,0.029298198076141445,4521000000.0,0.036269263784486284,25547000000.0000,25483000000.0000,
8,156000000.0000,58000000.0000,按业务,港元,2020-06-30,,财务及投资与其他,9,半年度,,,长和,00001,,,165015000000.0000,171509000000.0000,8005000000.0,0.0542270695027774,5794000000.0,0.046481777121723855,231278000000.0000,231370000000.0000,
9,14268000000.0000,10276000000.0000,按业务,港元,2020-06-30,,小计,10,半年度,,,长和,00001,,,1136437000000.0000,1135809000000.0000,147620000000.0,1.0,124651000000.0,1.0,523487000000.0000,522176000000.0000,
10,0,-14000000.0000,按业务,港元,2020-06-30,,未分配,11,半年度,,,长和,00001,,,74539000000.0000,69987000000.0000,0.0,0.0,0.0,0.0,90526000000.0000,86020000000.0000,
11,14268000000.0000,10262000000.0000,按业务,港元,2020-06-30,,合计,12,半年度,,,长和,00001,,,1210976000000.0000,1205796000000.0000,147620000000.0,1.0,124651000000.0,1.0,614013000000.0000,608196000000.0000,
12,,,按业务,港元,2020-06-30,4468000000.0000,物业租赁,1,半年度,,,恒隆地产,00101,,,189648000000.0000,183454000000.0000,4204000000.0,1.0,4184000000.0,1.0,,,-1924000000.0000
13,,,按业务,港元,2020-06-30,0,物业销售,2,半年度,,,恒隆地产,00101,,,5643000000.0000,6347000000.0000,0.0,0.0,0.0,0.0,,,-4000000.0000
14,,,按业务,港元,2020-06-30,4468000000.0000,小计,3,半年度,,,恒隆地产,00101,,,195291000000.0000,189801000000.0000,4204000000.0,1.0,4184000000.0,1.0,,,-1928000000.0000
15,,,按业务,港元,2020-06-30,0,未分配,4,半年度,,,恒隆地产,00101,,,4689000000.0000,4518000000.0000,0.0,0.0,0.0,0.0,,,0
16,,,按业务,港元,2020-06-30,4468000000.0000,合计,5,半年度,,,恒隆地产,00101,,,199980000000.0000,194319000000.0000,4204000000.0,1.0,4184000000.0,1.0,,,-1928000000.0000
17,,,按业务,人民币元,2020-09-30,,成药,1,其他,0,0,石药集团,01093,3530384000.0000,2927360000.0000,,,13387380000.0,0.7987328031509762,15712874000.0,0.8177309301749609,,,
18,,,按业务,人民币元,2020-09-30,,维生素C原料,2,其他,4403000.0000,4355000.0000,石药集团,01093,296870000.0000,357654000.0000,,,1595692000.0,0.09520395657145667,1438454000.0,0.07486016418345194,,,
19,,,按业务,人民币元,2020-09-30,,抗生素原料,3,其他,73302000.0000,102930000.0000,石药集团,01093,101434000.0000,14954000.0000,,,715060000.0,0.04266270758140406,762075000.0,0.039659981911207544,,,
20,,,按业务,人民币元,2020-09-30,,其它,4,其他,4348000.0000,16615000.0000,石药集团,01093,268986000.0000,218542000.0000,,,1062642000.0,0.06340053269616308,1301810000.0,0.06774892373037968,,,
21,,,按业务,人民币元,2020-09-30,,对销,5,其他,-82053000.0000,-123900000.0000,石药集团,01093,0,0,,,0.0,0.0,0.0,0.0,,,
22,,,按业务,人民币元,2020-09-30,,小计,6,其他,0,0,石药集团,01093,4197674000.0000,3518510000.0000,,,16760774000.0,1.0,19215213000.0,1.0,,,
23,,,按业务,人民币元,2020-09-30,,未分配,7,其他,0,0,石药集团,01093,0,0,,,0.0,0.0,0.0,0.0,,,
24,,,按业务,人民币元,2020-09-30,,合计,8,其他,0,0,石药集团,01093,4197674000.0000,3518510000.0000,,,16760774000.0,1.0,19215213000.0,1.0,,,
25,,,按业务,港元,2020-06-30,8396000000.0000,财富管理及个人银行业务,1,半年度,,,恒生银行,00011,5557000000.0000,8249000000.0000,522253000000.0000,534094000000.0000,22815000000.0,0.675,17554000000.0,0.6439707986353131,971389000000.0000,1009484000000.0000,5468000000.0000
26,,,按业务,港元,2020-06-30,4964000000.0000,商业银行业务,2,半年度,,,恒生银行,00011,3227000000.0000,4964000000.0000,405779000000.0000,412337000000.0000,7834000000.0,0.2317751479289941,6411000000.0,0.23518837815033566,303606000000.0000,309937000000.0000,3227000000.0000
27,,,按业务,港元,2020-06-30,2426000000.0000,环球银行及资本市场业务,3,半年度,,,恒生银行,00011,2646000000.0000,2426000000.0000,712927000000.0000,747863000000.0000,3020000000.0,0.0893491124260355,3383000000.0,0.12410579991929271,201948000000.0000,222133000000.0000,2646000000.0000
28,,,按业务,港元,2020-06-30,108000000.0000,其他业务,4,半年度,,,恒生银行,00011,-296000000.0000,-78000000.0000,36032000000.0000,37727000000.0000,131000000.0,0.0038757396449704143,-89000000.0,-0.0032649767049414873,21131000000.0000,14352000000.0000,-722000000.0000
29,,,按业务,港元,2020-06-30,15894000000.0000,小计,5,半年度,,,恒生银行,00011,11134000000.0000,15561000000.0000,1676991000000.0000,1732021000000.0000,33800000000.0,1.0,27259000000.0,1.0,1498074000000.0000,1555906000000.0000,10619000000.0000
30,,,按业务,港元,2020-06-30,0,未分配,6,半年度,,,恒生银行,00011,0,0,0,0,0.0,0.0,0.0,0.0,0,0,0
31,,,按业务,港元,2020-06-30,15894000000.0000,合计,7,半年度,,,恒生银行,00011,11134000000.0000,15561000000.0000,1676991000000.0000,1732021000000.0000,33800000000.0,1.0,27259000000.0,1.0,1498074000000.0000,1555906000000.0000,10619000000.0000
32,,,按业务,人民币元,2020-06-30,,销售已发展物业,1,半年度,0,0,华润置地,01109,11933096000.0000,12186916000.0000,,,36609722000.0,0.7984854702894845,35972063000.0,0.8017198255324138,,,
33,,,按业务,人民币元,2020-06-30,,物业投资及管理,2,半年度,-346179000.0000,-747805000.0000,华润置地,01109,2596279000.0000,3350804000.0000,,,4978746000.0,0.10859018107982053,4635303000.0,0.1033083454916076,,,
34,,,按业务,人民币元,2020-06-30,,酒店经营,3,半年度,0,0,华润置地,01109,-144846000.0000,-3684000.0000,,,716326000.0,0.015623606838385314,349713000.0,0.0077941552961924105,,,
35,,,按业务,人民币元,2020-06-30,,建筑、装修服务及其他,4,半年度,-4975604000.0000,-4610637000.0000,华润置地,01109,-82846000.0000,-88204000.0000,,,3544158000.0,0.07730074179230967,3911542000.0,0.08717767367978614,,,
36,,,按业务,人民币元,2020-06-30,,小计,5,半年度,-5321783000.0000,-5358442000.0000,华润置地,01109,14301683000.0000,15445832000.0000,,,45848952000.0,1.0,44868621000.0,1.0,,,
37,,,按业务,人民币元,2020-06-30,,未分配,6,半年度,0,0,华润置地,01109,0,0,,,0.0,0.0,0.0,0.0,,,
38,,,按业务,人民币元,2020-06-30,,合计,7,半年度,-5321783000.0000,-5358442000.0000,华润置地,01109,14301683000.0000,15445832000.0000,,,45848952000.0,1.0,44868621000.0,1.0,,,
39,,,按业务,港元,2020-06-30,,物业销售,1,半年度,,,长实集团,01113,,,,,19232000000.0,0.5655139967066573,19484000000.0,0.5364094375464582,,,
40,,,按业务,港元,2020-06-30,,物业租务,2,半年度,,,长实集团,01113,,,,,3756000000.0,0.11044460127028935,3453000000.0,0.09506373372243482,,,
41,,,按业务,港元,2020-06-30,,酒店及服务套房业务,3,半年度,,,长实集团,01113,,,,,2374000000.0,0.06980710421077393,992000000.0,0.02731051950554745,,,
42,,,按业务,港元,2020-06-30,,物业及项目管理,4,半年度,,,长实集团,01113,,,,,432000000.0,0.012702893436838392,403000000.0,0.011094898549128651,,,
43,,,按业务,港元,2020-06-30,,飞机租赁,5,半年度,,,长实集团,01113,,,,,1556000000.0,0.045753940249353094,1520000000.0,0.041846763758500126,,,
44,,,按业务,港元,2020-06-30,,英式酒馆业务,6,半年度,,,长实集团,01113,,,,,0.0,0.0,3862000000.0,0.10632381686534703,,,
45,,,按业务,港元,2020-06-30,,基建及实用资产业务,7,半年度,,,长实集团,01113,,,,,6658000000.0,0.19577746412608799,6609000000.0,0.18195083005258375,,,
46,,,按业务,港元,2020-06-30,,小计,8,半年度,,,长实集团,01113,,,,,34008000000.0,1.0,36323000000.0,1.0,,,
47,,,按业务,港元,2020-06-30,,未分配,9,半年度,,,长实集团,01113,,,,,0.0,0.0,0.0,0.0,,,
48,,,按业务,港元,2020-06-30,,合计,10,半年度,,,长实集团,01113,,,,,34008000000.0,1.0,36323000000.0,1.0,,,
49,,,按业务,港元,2020-06-30,,物业发展-香港,1,半年度,,,恒基地产,00012,2512000000.0000,478000000.0000,,,2737000000.0,0.33669578053881166,5388000000.0,0.4923695513113406,,,
50,,,按业务,港元,2020-06-30,,物业发展-中国内地,2,半年度,,,恒基地产,00012,449000000.0000,168000000.0000,,,814000000.0,0.10013531799729364,1123000000.0,0.10262268116604222,,,
51,,,按业务,港元,2020-06-30,,物业租赁-香港,3,半年度,,,恒基地产,00012,1389000000.0000,1594000000.0000,,,2186000000.0,0.2689137655308156,2057000000.0,0.18797404733619666,,,
52,,,按业务,港元,2020-06-30,,物业租赁-中国内地,4,半年度,,,恒基地产,00012,714000000.0000,726000000.0000,,,917000000.0,0.11280600319842539,881000000.0,0.08050808736178379,,,
53,,,按业务,港元,2020-06-30,,百货商店业务和超级市场及百货商店综合业务,5,半年度,,,恒基地产,00012,118000000.0000,116000000.0000,,,926000000.0,0.11391315044900972,880000000.0,0.08041670474275793,,,
54,,,按业务,港元,2020-06-30,,其他业务,6,半年度,,,恒基地产,00012,56000000.0000,657000000.0000,,,549000000.0,0.06753598228564399,614000000.0,0.056108928081878826,,,
55,,,按业务,港元,2020-06-30,,公用事业及能源,7,半年度,,,恒基地产,00012,0,0,,,0.0,0.0,0.0,0.0,,,
56,,,按业务,港元,2020-06-30,,小计,8,半年度,,,恒基地产,00012,5238000000.0000,3739000000.0000,,,8129000000.0,1.0,10943000000.0,1.0,,,
57,,,按业务,港元,2020-06-30,,未分配,9,半年度,,,恒基地产,00012,0,0,,,0.0,0.0,0.0,0.0,,,
58,,,按业务,港元,2020-06-30,,合计,10,半年度,,,恒基地产,00012,5238000000.0000,3739000000.0000,,,8129000000.0,1.0,10943000000.0,1.0,,,
59,10201000000.0000,10324000000.0000,按业务,人民币元,2020-06-30,87516000000.0000,公司金融业务,1,半年度,,,工商银行,01398,77613000000.0000,87516000000.0000,10247872000000.0000,11110478000000.0000,203670000000.0,0.5166627346823844,200773000000.0,0.49900583080234423,12854095000000.0000,13952282000000.0000,77613000000.0000
60,7967000000.0000,7989000000.0000,按业务,人民币元,2020-06-30,83896000000.0000,个人金融业务,2,半年度,,,工商银行,01398,78123000000.0000,83896000000.0000,6496604000000.0000,6882642000000.0000,144228000000.0,0.36587240584166025,156888000000.0,0.3899330427045379,10763847000000.0000,11789088000000.0000,78123000000.0000
61,2530000000.0000,2728000000.0000,按业务,人民币元,2020-06-30,37671000000.0000,资金业务,3,半年度,,,工商银行,01398,34301000000.0000,37671000000.0000,13176154000000.0000,14931486000000.0000,44231000000.0,0.1122036108299531,42476000000.0,0.10557082709906399,3540594000000.0000,4322931000000.0000,34301000000.0000
62,232000000.0000,229000000.0000,按业务,人民币元,2020-06-30,126000000.0000,其他,4,半年度,,,工商银行,01398,-1072000000.0000,-1214000000.0000,188806000000.0000,187404000000.0000,2074000000.0,0.005261248646002186,2209000000.0,0.005490299394053874,258897000000.0000,300953000000.0000,-686000000.0000
63,20930000000.0000,21270000000.0000,按业务,人民币元,2020-06-30,209209000000.0000,小计,5,半年度,,,工商银行,01398,188965000000.0000,207869000000.0000,30109436000000.0000,33112010000000.0000,394203000000.0,1.0,402346000000.0,1.0,27417433000000.0000,30365254000000.0000,189351000000.0000
64,0,0,按业务,人民币元,2020-06-30,0,未分配,6,半年度,,,工商银行,01398,0,0,0,0,0.0,0.0,0.0,0.0,0,0,0
65,20930000000.0000,21270000000.0000,按业务,人民币元,2020-06-30,209209000000.0000,合计,7,半年度,,,工商银行,01398,188965000000.0000,207869000000.0000,30109436000000.0000,33112010000000.0000,394203000000.0,1.0,402346000000.0,1.0,27417433000000.0000,30365254000000.0000,189351000000.0000
66,,,按业务,港元,2020-06-30,,物业销售-香港,1,年度,,,新鸿基地产,00016,15965000000.0000,16372000000.0000,194548000.0000,190858000.0000,36518000000.0,0.4281025063890647,36268000000.0,0.43879834972717263,25716000.0000,27959000.0000,
67,,,按业务,港元,2020-06-30,,物业销售-中国内地,2,年度,,,新鸿基地产,00016,1667000000.0000,1105000000.0000,21406000.0000,22448000.0000,2055000000.0,0.024090877118942113,3497000000.0,0.04230941405635609,3000000.0000,4668000.0000,
68,,,按业务,港元,2020-06-30,,物业销售-新加坡,3,年度,,,新鸿基地产,00016,0,0,26000.0000,0,0.0,0.0,0.0,0.0,0,0,
69,,,按业务,港元,2020-06-30,,物业租赁-香港,4,年度,,,新鸿基地产,00016,11898000000.0000,12741000000.0000,337572000.0000,333432000.0000,16555000000.0,0.19407516822583293,15914000000.0,0.19253989570856472,4407000.0000,12119000.0000,
70,,,按业务,港元,2020-06-30,,物业租赁-中国内地,5,年度,,,新鸿基地产,00016,3211000000.0000,3310000000.0000,105485000.0000,106722000.0000,4035000000.0,0.047302525145952026,3995000000.0,0.04833460370464472,2601000.0000,2173000.0000,
71,,,按业务,港元,2020-06-30,,物业租赁-新加坡,6,年度,,,新鸿基地产,00016,0,0,5026000.0000,4700000.0000,0.0,0.0,0.0,0.0,0,0,
72,,,按业务,港元,2020-06-30,,酒店业务,7,年度,,,新鸿基地产,00016,-335000000.0000,1180000000.0000,24986000.0000,25704000.0000,4786000000.0,0.056106539119833064,2595000000.0,0.031396319552829295,513000.0000,393000.0000,
73,,,按业务,港元,2020-06-30,,电讯,8,年度,,,新鸿基地产,00016,520000000.0000,823000000.0000,7289000.0000,8029000.0000,8415000000.0,0.09864950411479215,6986000000.0,0.08452203791755895,1883000.0000,3037000.0000,
74,,,按业务,港元,2020-06-30,,运输基建及物流,9,年度,,,新鸿基地产,00016,1181000000.0000,1341000000.0000,7262000.0000,7727000.0000,4261000000.0,0.049951935476307704,4051000000.0,0.04901213507071733,754000.0000,1349000.0000,
75,,,按业务,港元,2020-06-30,,数据中心业务,10,年度,,,新鸿基地产,00016,855000000.0000,765000000.0000,5738000.0000,8765000.0000,1561000000.0,0.018299688166748727,1714000000.0,0.02073729931157974,1018000.0000,1312000.0000,
76,,,按业务,港元,2020-06-30,,其他业务,11,年度,,,新鸿基地产,00016,1372000000.0000,1186000000.0000,11895000.0000,12989000.0000,7116000000.0,0.08342125624252655,7633000000.0,0.09234994495057651,4391000.0000,4411000.0000,
77,,,按业务,港元,2020-06-30,,小计,12,年度,,,新鸿基地产,00016,36334000000.0000,38823000000.0000,721233000.0000,721374000.0000,85302000000.0,1.0,82653000000.0,1.0,44283000.0000,57421000.0000,
78,,,按业务,港元,2020-06-30,,未分配,13,年度,,,新鸿基地产,00016,0,0,29929000.0000,76457000.0000,0.0,0.0,0.0,0.0,131060000.0000,149995000.0000,
79,,,按业务,港元,2020-06-30,,合计,14,年度,,,新鸿基地产,00016,36334000000.0000,38823000000.0000,751162000.0000,797831000.0000,85302000000.0,1.0,82653000000.0,1.0,175343000.0000,207416000.0000,
80,,,按业务,港元,2020-06-30,,物业发展,1,年度,0,-1200000.0000,新世界发展,00017,10504200000.0000,13438200000.0000,104877600000.0000,131858200000.0000,38511500000.0,0.5016896028847005,19207500000.0,0.32550781422117075,29567200000.0000,31389900000.0000,
81,,,按业务,港元,2020-06-30,,物业投资,2,年度,-181600000.0000,-172400000.0000,新世界发展,00017,2175100000.0000,1617600000.0000,178943200000.0000,178379400000.0000,3669400000.0,0.047801301658598604,4349500000.0,0.07371059419263216,2411400000.0000,3150500000.0000,
82,,,按业务,港元,2020-06-30,,道路,3,年度,0,0,新世界发展,00017,811100000.0000,1199500000.0000,10204800000.0000,14991400000.0000,2529000000.0,0.03294530220052212,2070500000.0,0.03508858150956314,475100000.0000,765400000.0000,
83,,,按业务,港元,2020-06-30,,航空,4,年度,0,0,新世界发展,00017,-24200000.0000,47400000.0000,6592000000.0000,6332700000.0000,161600000.0,0.002105164426889828,0.0,0.0,0,0,
84,,,按业务,港元,2020-06-30,,建筑,5,年度,-8406400000.0000,-8141200000.0000,新世界发展,00017,674700000.0000,736200000.0000,7926700000.0000,14283000000.0000,17368000000.0,0.22625306786028795,16691000000.0,0.28286090991360463,8877800000.0000,10755600000.0000,
85,,,按业务,港元,2020-06-30,,保险,6,年度,0,0,新世界发展,00017,819200000.0000,0,3120000000.0000,54973200000.0000,0.0,0.0,6180000000.0,0.10473191679744034,0,37948400000.0000,
86,,,按业务,港元,2020-06-30,,酒店营运,7,年度,0,0,新世界发展,00017,-907600000.0000,-261300000.0000,18225000000.0000,19289000000.0000,1490900000.0,0.019421965619121562,1212200000.0,0.0205430468514332,438400000.0000,728000000.0000,
87,,,按业务,港元,2020-06-30,,其他,8,年度,-223100000.0000,-156300000.0000,新世界发展,00017,-1995000000.0000,-995500000.0000,32565800000.0000,36167900000.0000,13033200000.0,0.16978359534987936,9297100000.0,0.15755713651415576,8183200000.0000,11441000000.0000,
88,,,按业务,港元,2020-06-30,,小计,9,年度,-8811100000.0000,-8471100000.0000,新世界发展,00017,12057500000.0000,15782100000.0000,362455100000.0000,456274800000.0000,76763600000.0,1.0,59007800000.0,1.0,49953100000.0000,96178800000.0000,
89,,,按业务,港元,2020-06-30,,未分配,10,年度,0,0,新世界发展,00017,0,0,140829800000.0000,143921100000.0000,0.0,0.0,0.0,0.0,177967300000.0000,224272000000.0000,
90,,,按业务,港元,2020-06-30,,合计,11,年度,-8811100000.0000,-8471100000.0000,新世界发展,00017,12057500000.0000,15782100000.0000,503284900000.0000,600195900000.0000,76763600000.0,1.0,59007800000.0,1.0,227920400000.0000,320450800000.0000,
91,,,按业务,人民币元,2020-09-30,,智能手机,1,其他,,,小米集团-W,01810,,,,,91298070000.0,0.6112251917831548,109556405000.0,0.6245991332781221,,,
92,,,按业务,人民币元,2020-09-30,,IoT与生活消费产品,2,其他,,,小米集团-W,01810,,,,,42593957000.0,0.2851593635673618,46356097000.0,0.2642837541844911,,,
93,,,按业务,人民币元,2020-09-30,,互联网服务,3,其他,,,小米集团-W,01810,,,,,14146516000.0,0.09470854044519746,17580207000.0,0.10022765948782252,,,
94,,,按业务,人民币元,2020-09-30,,其他,4,其他,,,小米集团-W,01810,,,,,1330415000.0,0.008906904204285873,1910040000.0,0.010889453049564235,,,
95,,,按业务,人民币元,2020-09-30,,小计,5,其他,,,小米集团-W,01810,,,,,149368958000.0,1.0,175402749000.0,1.0,,,
96,,,按业务,人民币元,2020-09-30,,未分配,6,其他,,,小米集团-W,01810,,,,,0.0,0.0,0.0,0.0,,,
97,,,按业务,人民币元,2020-09-30,,合计,7,其他,,,小米集团-W,01810,,,,,149368958000.0,1.0,175402749000.0,1.0,,,
98,,,按业务,港元,2020-06-30,,地产-物业投资,1,半年度,52000000.0000,26000000.0000,太古股份公司A,00019,4317000000.0000,5821000000.0000,321682000000.0000,315718000000.0000,6360000000.0,0.1483554933519944,6121000000.0,0.15672367882015567,43865000000.0000,40843000000.0000,
99,,,按业务,港元,2020-06-30,,地产-投资物业公平值变化,2,半年度,0,0,太古股份公司A,00019,-2601000000.0000,3831000000.0000,0,0,0.0,0.0,0.0,0.0,0,0,
100,,,按业务,港元,2020-06-30,,地产-物业买卖,3,半年度,0,0,太古股份公司A,00019,-30000000.0000,50000000.0000,8287000000.0000,8009000000.0000,392000000.0,0.00914392348961978,130000000.0,0.003328553871364195,3562000000.0000,3297000000.0000,
101,,,按业务,港元,2020-06-30,,地产-酒店,4,半年度,0,0,太古股份公司A,00019,-197000000.0000,11000000.0000,7619000000.0000,7390000000.0000,706000000.0,0.016468392815488685,274000000.0,0.007015567390413765,1504000000.0000,1472000000.0000,
102,,,按业务,港元,2020-06-30,,航空-国泰航空集团,5,半年度,0,0,太古股份公司A,00019,0,0,28697000000.0000,22667000000.0000,0.0,0.0,0.0,0.0,0,0,
103,,,按业务,港元,2020-06-30,,航空-港机集团,6,半年度,0,0,太古股份公司A,00019,551000000.0000,679000000.0000,16292000000.0000,16794000000.0000,7873000000.0,0.18364823886167483,6226000000.0,0.159412126177796,8217000000.0000,8466000000.0000,
104,,,按业务,港元,2020-06-30,,航空-其他,7,半年度,0,0,太古股份公司A,00019,-27000000.0000,-28000000.0000,7172000000.0000,7145000000.0000,0.0,0.0,0.0,0.0,0,0,
105,,,按业务,港元,2020-06-30,,饮料-中国内地,8,半年度,0,0,太古股份公司A,00019,867000000.0000,707000000.0000,0,0,11042000000.0,0.2575693958479123,10904000000.0,0.2791888570258091,0,0,
106,,,按业务,港元,2020-06-30,,饮料-香港,9,半年度,1000000.0000,1000000.0000,太古股份公司A,00019,82000000.0000,102000000.0000,0,0,1094000000.0,0.025519010963377654,999000000.0,0.02557865628840639,0,0,
107,,,按业务,港元,2020-06-30,,饮料-台湾,10,半年度,0,0,太古股份公司A,00019,54000000.0000,35000000.0000,0,0,781000000.0,0.018217867972941452,873000000.0,0.022352519459238017,0,0,
108,,,按业务,港元,2020-06-30,,饮料-美国,11,半年度,0,0,太古股份公司A,00019,397000000.0000,399000000.0000,0,0,8251000000.0,0.19246559365523677,8474000000.0,0.2169705038918476,0,0,
109,,,按业务,港元,2020-06-30,,饮料-太古可口可乐,12,半年度,0,0,太古股份公司A,00019,0,0,33350000000.0000,34228000000.0000,0.0,0.0,0.0,0.0,20063000000.0000,20395000000.0000,
110,,,按业务,港元,2020-06-30,,饮料-中央成本,13,半年度,0,0,太古股份公司A,00019,-50000000.0000,-42000000.0000,0,0,0.0,0.0,0.0,0.0,0,0,
111,,,按业务,港元,2020-06-30,,海洋服务-太古海洋开发集团,14,半年度,0,0,太古股份公司A,00019,-4889000000.0000,-519000000.0000,11498000000.0000,6699000000.0000,1287000000.0,0.030020993701889435,1010000000.0,0.0258603031544449,6295000000.0000,2045000000.0000,
112,,,按业务,港元,2020-06-30,,海洋服务-香港联合船坞集团,15,半年度,0,0,太古股份公司A,00019,0,0,12000000.0000,-71000000.0000,0.0,0.0,0.0,0.0,0,0,
113,,,按业务,港元,2020-06-30,,贸易及实业-太古资源,16,半年度,0,0,太古股份公司A,00019,-48000000.0000,74000000.0000,1673000000.0000,1471000000.0000,1779000000.0,0.041497550734779565,1069000000.0,0.027370954526833264,1564000000.0000,1367000000.0000,
114,,,按业务,港元,2020-06-30,,贸易及实业-太古汽车,17,半年度,0,0,太古股份公司A,00019,99000000.0000,94000000.0000,2371000000.0000,2288000000.0000,2537000000.0,0.05917891299276883,2381000000.0,0.06096374436706268,1136000000.0000,962000000.0000,
115,,,按业务,港元,2020-06-30,,贸易及实业-太古食品,18,半年度,36000000.0000,29000000.0000,太古股份公司A,00019,-9000000.0000,-13000000.0000,1574000000.0000,1443000000.0000,765000000.0,0.017844646606018196,591000000.0,0.015132117984432609,639000000.0000,553000000.0000,
116,,,按业务,港元,2020-06-30,,贸易及实业-太古环保服务,19,半年度,0,0,太古股份公司A,00019,-2000000.0000,73000000.0000,37000000.0000,47000000.0000,0.0,0.0,0.0,0.0,0,0,
117,,,按业务,港元,2020-06-30,,贸易及实业-医疗保健,20,半年度,0,0,太古股份公司A,00019,-7000000.0000,-283000000.0000,0,538000000.0000,0.0,0.0,0.0,0.0,0,0,
118,,,按业务,港元,2020-06-30,,贸易及实业-中央成本,21,半年度,0,0,太古股份公司A,00019,-8000000.0000,0,0,0,0.0,0.0,0.0,0.0,0,0,
119,,,按业务,港元,2020-06-30,,贸易及实业-其他业务,22,半年度,0,0,太古股份公司A,00019,0,-11000000.0000,86000000.0000,110000000.0000,0.0,0.0,0.0,0.0,82000000.0000,187000000.0000,
120,,,按业务,港元,2020-06-30,,总办事处-收入／(支出)净额,23,半年度,16000000.0000,22000000.0000,太古股份公司A,00019,-169000000.0000,-114000000.0000,1047000000.0000,6994000000.0000,3000000.0,6.997900629811057e-05,4000000.0,0.00010241704219582139,24976000000.0000,35680000000.0000,
121,,,按业务,港元,2020-06-30,,分部之间抵销,24,半年度,-105000000.0000,-78000000.0000,太古股份公司A,00019,0,0,0,0,0.0,0.0,0.0,0.0,0,0,
122,,,按业务,港元,2020-06-30,,小计,25,半年度,0,0,太古股份公司A,00019,-1670000000.0000,10866000000.0000,441397000000.0000,431470000000.0000,42870000000.0,1.0,39056000000.0,1.0,111903000000.0000,115267000000.0000,
123,,,按业务,港元,2020-06-30,,未分配,26,半年度,0,0,太古股份公司A,00019,0,0,0,0,0.0,0.0,0.0,0.0,0,0,
124,,,按业务,港元,2020-06-30,,合计,27,半年度,0,0,太古股份公司A,00019,-1670000000.0000,10866000000.0000,441397000000.0000,431470000000.0000,42870000000.0,1.0,39056000000.0,1.0,111903000000.0000,115267000000.0000,
125,38000000.0000,66000000.0000,按业务,美元,2020-06-30,,澳门威尼斯人,1,半年度,,,金沙中国有限公司,01928,-48000000.0000,697000000.0000,3236000000.0000,3052000000.0000,1751000000.0,0.39189794091316027,343000000.0,0.4044811320754717,,,
126,107000000.0000,368000000.0000,按业务,美元,2020-06-30,,金沙城中心,2,半年度,,,金沙中国有限公司,01928,-79000000.0000,377000000.0000,4531000000.0000,4046000000.0000,1060000000.0,0.23724261414503134,180000000.0,0.21226415094339623,,,
127,14000000.0000,7000000.0000,按业务,美元,2020-06-30,,澳门巴黎人,3,半年度,,,金沙中国有限公司,01928,-84000000.0000,302000000.0000,2372000000.0000,2253000000.0000,868000000.0,0.19427036705461057,118000000.0,0.1391509433962264,,,
128,59000000.0000,127000000.0000,按业务,美元,2020-06-30,,澳门百利宫,4,半年度,,,金沙中国有限公司,01928,10000000.0000,168000000.0000,1255000000.0000,1257000000.0000,435000000.0,0.09735899731423456,126000000.0,0.14858490566037735,,,
129,6000000.0000,3000000.0000,按业务,美元,2020-06-30,,澳门金沙,5,半年度,,,金沙中国有限公司,01928,-32000000.0000,83000000.0000,323000000.0000,268000000.0000,307000000.0,0.06871083258728737,76000000.0,0.08962264150943396,,,
130,1000000.0000,0,按业务,美元,2020-06-30,,渡轮及其他业务,6,半年度,,,金沙中国有限公司,01928,-10000000.0000,-2000000.0000,383000000.0000,459000000.0000,55000000.0,0.012309758281110117,13000000.0,0.015330188679245283,,,
131,0,0,按业务,美元,2020-06-30,,分部间收益,7,半年度,,,金沙中国有限公司,01928,0,0,0,0,-8000000.0,-0.0017905102954341987,-8000000.0,-0.009433962264150943,,,
132,225000000.0000,571000000.0000,按业务,美元,2020-06-30,,小计,8,半年度,,,金沙中国有限公司,01928,-243000000.0000,1625000000.0000,12100000000.0000,11335000000.0000,4468000000.0,1.0,848000000.0,1.0,,,
133,0,0,按业务,美元,2020-06-30,,未分配,9,半年度,,,金沙中国有限公司,01928,0,0,0,0,0.0,0.0,0.0,0.0,,,
134,225000000.0000,571000000.0000,按业务,美元,2020-06-30,,合计,10,半年度,,,金沙中国有限公司,01928,-243000000.0000,1625000000.0000,12100000000.0000,11335000000.0000,4468000000.0,1.0,848000000.0,1.0,,,
135,,,按业务,港元,2020-06-30,7964000000.0000,投资物业,1,半年度,,,九龙仓置业,01997,5211000000.0000,6591000000.0000,,,7433000000.0,0.874676394445752,6089000000.0,0.8987453874538746,,,-2835000000.0000
136,,,按业务,港元,2020-06-30,11000000.0000,发展物业,2,半年度,,,九龙仓置业,01997,-3000000.0000,-14000000.0000,,,10000000.0,0.0011767474699929394,303000000.0,0.04472324723247233,,,-79000000.0000
137,,,按业务,港元,2020-06-30,120000000.0000,酒店,3,半年度,,,九龙仓置业,01997,-243000000.0000,139000000.0000,,,906000000.0,0.10661332078136032,256000000.0,0.0377859778597786,,,-1310000000.0000
138,,,按业务,港元,2020-06-30,0,内部分部收入,4,半年度,,,九龙仓置业,01997,0,0,,,0.0,0.0,-28000000.0,-0.004132841328413284,,,0
139,,,按业务,港元,2020-06-30,78000000.0000,投资及其它,5,半年度,,,九龙仓置业,01997,89000000.0000,78000000.0000,,,149000000.0,0.017533537302894798,155000000.0,0.022878228782287822,,,-152000000.0000
140,,,按业务,港元,2020-06-30,-72000000.0000,企业支出,6,半年度,,,九龙仓置业,01997,-88000000.0000,-72000000.0000,,,0.0,0.0,0.0,0.0,,,-88000000.0000
141,,,按业务,港元,2020-06-30,8101000000.0000,小计,7,半年度,,,九龙仓置业,01997,4966000000.0000,6722000000.0000,,,8498000000.0,1.0,6775000000.0,1.0,,,-4464000000.0000
142,,,按业务,港元,2020-06-30,0,未分配,8,半年度,,,九龙仓置业,01997,0,0,,,0.0,0.0,0.0,0.0,,,0
143,,,按业务,港元,2020-06-30,8101000000.0000,合计,9,半年度,,,九龙仓置业,01997,4966000000.0000,6722000000.0000,,,8498000000.0,1.0,6775000000.0,1.0,,,-4464000000.0000
144,,,按业务,港元,2020-06-30,,来自客户合约的收入-管制计划电力销售,1,半年度,,,中电控股,00002,,,,,19005000000.0,0.4335279894155755,19594000000.0,0.5062918270845714,,,
145,,,按业务,港元,2020-06-30,,来自客户合约的收入-香港以外电力销售,2,半年度,,,中电控股,00002,,,,,19615000000.0,0.4474428577946074,15049000000.0,0.3888530012144389,,,
146,,,按业务,港元,2020-06-30,,来自客户合约的收入-澳洲燃气销售,3,半年度,,,中电控股,00002,,,,,2733000000.0,0.06234317258999042,2297000000.0,0.05935247151236402,,,
147,,,按业务,港元,2020-06-30,,来自客户合约的收入-其他,4,半年度,,,中电控股,00002,,,,,474000000.0,0.010812537068296912,372000000.0,0.009612154724684116,,,
148,,,按业务,港元,2020-06-30,,其他收入-购电协议-固定容量费,5,半年度,,,中电控股,00002,,,,,377000000.0,0.008599844883434463,303000000.0,0.007829255058008838,,,
149,,,按业务,港元,2020-06-30,,其他收入-购电协议-可变容量费,6,半年度,,,中电控股,00002,,,,,170000000.0,0.0038779141384187236,151000000.0,0.0039017079662024235,,,
150,,,按业务,港元,2020-06-30,,其他收入-购电协议-能源费,7,半年度,,,中电控股,00002,,,,,1312000000.0,0.029928372644737442,744000000.0,0.019224309449368232,,,
151,,,按业务,港元,2020-06-30,,其他收入-其他,8,半年度,,,中电控股,00002,,,,,152000000.0,0.003467311464939094,191000000.0,0.004935272990362006,,,
152,,,按业务,港元,2020-06-30,,小计,9,半年度,,,中电控股,00002,,,,,43838000000.0,1.0,38701000000.0,1.0,,,
153,,,按业务,港元,2020-06-30,,未分配,10,半年度,,,中电控股,00002,,,,,0.0,0.0,0.0,0.0,,,
154,,,按业务,港元,2020-06-30,,合计,11,半年度,,,中电控股,00002,,,,,43838000000.0,1.0,38701000000.0,1.0,,,
155,2091000000.0000,526000000.0000,按业务,人民币元,2020-06-30,,房地产开发,1,半年度,0,0,碧桂园,02007,34870000000.0000,38427000000.0000,1721377000000.0000,1771376000000.0000,196678000000.0,0.9736245458055701,179949000000.0,0.9729234362581572,1120310000000.0000,1183946000000.0000,
156,157000000.0000,254000000.0000,按业务,人民币元,2020-06-30,,建筑,2,半年度,-18424000000.0000,-16223000000.0000,碧桂园,02007,110000000.0000,171000000.0000,37801000000.0000,38964000000.0000,3459000000.0,0.017123253764739662,3219000000.0,0.017404045264575008,30489000000.0000,29778000000.0000,
157,2960000000.0000,1304000000.0000,按业务,人民币元,2020-06-30,,其他,3,半年度,-6324000000.0000,-7990000000.0000,碧桂园,02007,-1102000000.0000,-142000000.0000,117848000000.0000,119298000000.0000,1869000000.0,0.009252200429690207,1789000000.0,0.009672518477267689,91869000000.0000,93406000000.0000,
158,5208000000.0000,2084000000.0000,按业务,人民币元,2020-06-30,,小计,4,半年度,-24748000000.0000,-24213000000.0000,碧桂园,02007,33878000000.0000,38456000000.0000,1877026000000.0000,1929638000000.0000,202006000000.0,1.0,184957000000.0,1.0,1242668000000.0000,1307130000000.0000,
159,0,0,按业务,人民币元,2020-06-30,,未分配,5,半年度,0,0,碧桂园,02007,0,0,0,0,0.0,0.0,0.0,0.0,0,0,
160,5208000000.0000,2084000000.0000,按业务,人民币元,2020-06-30,,合计,6,半年度,-24748000000.0000,-24213000000.0000,碧桂园,02007,33878000000.0000,38456000000.0000,1877026000000.0000,1929638000000.0000,202006000000.0,1.0,184957000000.0,1.0,1242668000000.0000,1307130000000.0000,
161,,,按业务,人民币元,2020-06-30,,动圈器件,1,半年度,,,瑞声科技,02018,874604000.0000,1097438000.0000,,,3645851000.0,0.4817760051736876,3329191000.0,0.42480133478728105,,,
162,,,按业务,人民币元,2020-06-30,,电磁传动及精密结构件,2,半年度,,,瑞声科技,02018,792451000.0000,917227000.0000,,,3113530000.0,0.4114331730475084,3415721000.0,0.4358424734600527,,,
163,,,按业务,人民币元,2020-06-30,,微机电系统器件,3,半年度,,,瑞声科技,02018,74344000.0000,89316000.0000,,,380105000.0,0.050228456524017175,457732000.0,0.05840613067104042,,,
164,,,按业务,人民币元,2020-06-30,,其他产品,4,半年度,,,瑞声科技,02018,76725000.0000,-19620000.0000,,,428037000.0,0.056562365254786806,634410000.0,0.08095006108162582,,,
165,,,按业务,人民币元,2020-06-30,,小计,5,半年度,,,瑞声科技,02018,1818124000.0000,2084361000.0000,,,7567523000.0,1.0,7837054000.0,1.0,,,
166,,,按业务,人民币元,2020-06-30,,未分配,6,半年度,,,瑞声科技,02018,0,0,,,0.0,0.0,0.0,0.0,,,
167,,,按业务,人民币元,2020-06-30,,合计,7,半年度,,,瑞声科技,02018,1818124000.0000,2084361000.0000,,,7567523000.0,1.0,7837054000.0,1.0,,,
168,,,按业务,人民币元,2020-06-30,,寿险及健康险,1,半年度,,,中国平安,02318,,,3062412000000.0000,3293255000000.0000,316661000000.0,0.7092373471659489,302863000000.0,0.6798195306449983,2808318000000.0000,3022377000000.0000,
169,,,按业务,人民币元,2020-06-30,,财产保险,2,半年度,,,中国平安,02318,,,415435000000.0000,444274000000.0000,130517000000.0,0.29232374949885886,144152000000.0,0.32356988137057946,322435000000.0000,344665000000.0000,
170,,,按业务,人民币元,2020-06-30,,银行,3,半年度,,,中国平安,02318,,,3939070000000.0000,4178622000000.0000,0.0,0.0,0.0,0.0,3626087000000.0000,3827225000000.0000,
171,,,按业务,人民币元,2020-06-30,,信托,4,半年度,,,中国平安,02318,,,27135000000.0000,27586000000.0000,0.0,0.0,0.0,0.0,6529000000.0000,6732000000.0000,
172,,,按业务,人民币元,2020-06-30,,证券,5,半年度,,,中国平安,02318,,,138964000000.0000,173335000000.0000,0.0,0.0,0.0,0.0,107323000000.0000,140872000000.0000,
173,,,按业务,人民币元,2020-06-30,,其他资产管理,6,半年度,,,中国平安,02318,,,637279000000.0000,726359000000.0000,0.0,0.0,0.0,0.0,574697000000.0000,652725000000.0000,
174,,,按业务,人民币元,2020-06-30,,科技,7,半年度,,,中国平安,02318,,,132217000000.0000,138994000000.0000,0.0,0.0,0.0,0.0,37173000000.0000,37404000000.0000,
175,,,按业务,人民币元,2020-06-30,,其他业务及合併抵消,8,半年度,,,中国平安,02318,,,-129583000000.0000,-133794000000.0000,-697000000.0,-0.001561096664807685,-1510000000.0,-0.0033894120155778273,-112003000000.0000,-105540000000.0000,
176,,,按业务,人民币元,2020-06-30,,小计,9,半年度,,,中国平安,02318,,,8222929000000.0000,8848631000000.0000,446481000000.0,1.0,445505000000.0,1.0,7370559000000.0000,7926460000000.0000,
177,,,按业务,人民币元,2020-06-30,,未分配,10,半年度,,,中国平安,02318,,,0,0,0.0,0.0,0.0,0.0,0,0,
178,,,按业务,人民币元,2020-06-30,,合计,11,半年度,,,中国平安,02318,,,8222929000000.0000,8848631000000.0000,446481000000.0,1.0,445505000000.0,1.0,7370559000000.0000,7926460000000.0000,
179,,,按业务,人民币元,2020-06-30,,光学零件,1,半年度,988224000.0000,842155000.0000,舜宇光学科技,02382,1286394000.0000,1515830000.0000,3946525000.0000,3727945000.0000,3773696000.0,0.242293153646138,3863506000.0,0.204810937030184,2029701000.0000,1741550000.0000,
180,,,按业务,人民币元,2020-06-30,,光电产品,2,半年度,4042000.0000,9234000.0000,舜宇光学科技,02382,960047000.0000,290256000.0000,10205068000.0000,9575556000.0000,11679501000.0,0.7498916527200978,14873816000.0,0.7884859483004668,7511060000.0000,6190464000.0000,
181,,,按业务,人民币元,2020-06-30,,光学仪器,3,半年度,39012000.0000,46539000.0000,舜宇光学科技,02382,20705000.0000,6104000.0000,110983000.0000,139613000.0000,121721000.0,0.007815193633764235,126446000.0,0.006703114669349199,85791000.0000,92138000.0000,
182,,,按业务,人民币元,2020-06-30,,抵销,4,半年度,-1031278000.0000,-897928000.0000,舜宇光学科技,02382,0,0,16430495000.0000,17640251000.0000,0.0,0.0,0.0,0.0,8340342000.0000,9363659000.0000,
183,,,按业务,人民币元,2020-06-30,,小计,5,半年度,0,0,舜宇光学科技,02382,2267146000.0000,1812190000.0000,30693071000.0000,31083365000.0000,15574918000.0,1.0,18863768000.0,1.0,17966894000.0000,17387811000.0000,
184,,,按业务,人民币元,2020-06-30,,未分配,6,半年度,0,0,舜宇光学科技,02382,0,0,0,0,0.0,0.0,0.0,0.0,0,0,
185,,,按业务,人民币元,2020-06-30,,合计,7,半年度,0,0,舜宇光学科技,02382,2267146000.0000,1812190000.0000,30693071000.0000,31083365000.0000,15574918000.0,1.0,18863768000.0,1.0,17966894000.0000,17387811000.0000,
186,35000000.0000,3000000.0000,按业务,港元,2020-06-30,6454000000.0000,个人银行,1,半年度,,,中银香港,02388,4329000000.0000,6400000000.0000,442694000000.0000,460942000000.0000,10918000000.0,0.2688765207112249,9568000000.0,0.2547797837780263,1079821000000.0000,1115488000000.0000,4352000000.0000
187,1000000.0000,1000000.0000,按业务,港元,2020-06-30,8065000000.0000,企业银行,2,半年度,,,中银香港,02388,7158000000.0000,8065000000.0000,947164000000.0000,1025662000000.0000,10296000000.0,0.2535585874008767,9303000000.0,0.24772327847899026,907381000000.0000,1004391000000.0000,7158000000.0000
188,1000000.0000,0,按业务,港元,2020-06-30,5074000000.0000,财资业务,3,半年度,,,中银香港,02388,7215000000.0000,5073000000.0000,1354356000000.0000,1446472000000.0000,5687000000.0,0.14005319410924494,7861000000.0,0.20932523832348085,521210000000.0000,565593000000.0000,7217000000.0000
189,21000000.0000,36000000.0000,按业务,港元,2020-06-30,551000000.0000,保险业务,4,半年度,,,中银香港,02388,392000000.0000,551000000.0000,153116000000.0000,164982000000.0000,12229000000.0,0.30116238979461163,9473000000.0,0.2522500931991266,143011000000.0000,154409000000.0000,392000000.0000
190,1139000000.0000,647000000.0000,按业务,港元,2020-06-30,1408000000.0000,其他,5,半年度,,,中银香港,02388,694000000.0000,759000000.0000,155953000000.0000,163478000000.0000,2318000000.0,0.05708515982859676,2211000000.0,0.058875219683655534,96000000000.0000,110229000000.0000,105000000.0000
191,0,0,按业务,港元,2020-06-30,0,合併抵销,6,半年度,,,中银香港,02388,0,0,-28859000000.0000,-36388000000.0000,-842000000.0,-0.02073585184455499,-862000000.0,-0.022953613463279544,-28859000000.0000,-36388000000.0000,0
192,1197000000.0000,687000000.0000,按业务,港元,2020-06-30,21552000000.0000,小计,7,半年度,,,中银香港,02388,19788000000.0000,20848000000.0000,3024424000000.0000,3225148000000.0000,40606000000.0,1.0,37554000000.0,1.0,2718564000000.0000,2913722000000.0000,19224000000.0000
193,0,0,按业务,港元,2020-06-30,0,未分配,8,半年度,,,中银香港,02388,0,0,1632000000.0000,1578000000.0000,0.0,0.0,0.0,0.0,0,0,0
194,1197000000.0000,687000000.0000,按业务,港元,2020-06-30,21552000000.0000,合计,9,半年度,,,中银香港,02388,19788000000.0000,20848000000.0000,3026056000000.0000,3226726000000.0000,40606000000.0,1.0,37554000000.0,1.0,2718564000000.0000,2913722000000.0000,19224000000.0000
195,,,按业务,人民币元,2020-06-30,27340000000.0000,寿险,1,半年度,,,中国人寿,02628,,,,,384217000000.0,0.8572043701656102,429899000000.0,0.8522454012540863,,,21850000000.0000
196,,,按业务,人民币元,2020-06-30,4506000000.0000,健康险,2,半年度,,,中国人寿,02628,,,,,51579000000.0,0.11507492955484014,60061000000.0,0.11906682975471372,,,7388000000.0000
197,,,按业务,人民币元,2020-06-30,459000000.0000,意外险,3,半年度,,,中国人寿,02628,,,,,7574000000.0,0.01689791419857615,7931000000.0,0.015722665736245395,,,112000000.0000
198,,,按业务,人民币元,2020-06-30,6588000000.0000,其他,4,半年度,,,中国人寿,02628,,,,,5590000000.0,0.012471526322952294,7557000000.0,0.014981236284050741,,,6214000000.0000
199,,,按业务,人民币元,2020-06-30,0,抵销,5,半年度,,,中国人寿,02628,,,,,-739000000.0,-0.0016487402419788453,-1017000000.0,-0.0020161330290961498,,,0
200,,,按业务,人民币元,2020-06-30,38893000000.0000,小计,6,半年度,,,中国人寿,02628,,,,,448221000000.0,1.0,504431000000.0,1.0,,,35564000000.0000
201,,,按业务,人民币元,2020-06-30,0,未分配,7,半年度,,,中国人寿,02628,,,,,0.0,0.0,0.0,0.0,,,0
202,,,按业务,人民币元,2020-06-30,38893000000.0000,合计,8,半年度,,,中国人寿,02628,,,,,448221000000.0,1.0,504431000000.0,1.0,,,35564000000.0000
203,,,按业务,港元,2020-06-30,44384000000.0000,金融业,1,半年度,-249000000.0000,37000000.0000,中信股份,00267,,,7703980000000.0000,7900819000000.0000,111903000000.0,0.40372543077322715,116984000000.0,0.45732246034041957,7027882000000.0000,7221508000000.0000,37787000000.0000
204,,,按业务,港元,2020-06-30,2864000000.0000,资源能源业,2,半年度,2885000000.0000,3694000000.0000,中信股份,00267,,,134304000000.0000,135226000000.0000,47858000000.0,0.17266285681299967,46340000000.0,0.1811557376408316,181491000000.0000,184851000000.0000,1078000000.0000
205,,,按业务,港元,2020-06-30,4901000000.0000,制造业,3,半年度,106000000.0000,531000000.0000,中信股份,00267,,,117240000000.0000,110528000000.0000,59607000000.0,0.21505108667417092,42548000000.0,0.16633177223008422,65243000000.0000,65722000000.0000,4197000000.0000
206,,,按业务,港元,2020-06-30,950000000.0000,工程承包业,4,半年度,1000000.0000,221000000.0000,中信股份,00267,,,59030000000.0000,56716000000.0000,7907000000.0,0.02852700089473836,7736000000.0,0.030242140405469856,44648000000.0000,42796000000.0000,502000000.0000
207,,,按业务,港元,2020-06-30,4020000000.0000,房地产业,5,半年度,70000000.0000,85000000.0000,中信股份,00267,,,166404000000.0000,172681000000.0000,1892000000.0,0.006825987820013276,2934000000.0,0.011469808680151055,90368000000.0000,90695000000.0000,4411000000.0000
208,,,按业务,港元,2020-06-30,2733000000.0000,其他,6,半年度,440000000.0000,425000000.0000,中信股份,00267,,,162893000000.0000,139128000000.0000,47969000000.0,0.17306332438594973,39234000000.0,0.1533764395899954,96214000000.0000,71558000000.0000,3118000000.0000
209,,,按业务,港元,2020-06-30,-2696000000.0000,运营管理,7,半年度,18000000.0000,42000000.0000,中信股份,00267,,,191563000000.0000,199467000000.0000,40000000.0,0.00014431263890091493,26000000.0,0.00010164111304837335,234079000000.0000,246946000000.0000,-4533000000.0000
210,,,按业务,港元,2020-06-30,38000000.0000,分部间抵销,8,半年度,-3271000000.0000,-5035000000.0000,中信股份,00267,,,-245490000000.0000,-237313000000.0000,0.0,0.0,0.0,0.0,-344492000000.0000,-341380000000.0000,-16000000.0000
211,,,按业务,港元,2020-06-30,57194000000.0000,小计,9,半年度,0,0,中信股份,00267,,,8289924000000.0000,8477252000000.0000,277176000000.0,1.0,255802000000.0,1.0,7395433000000.0000,7582696000000.0000,46544000000.0000
212,,,按业务,港元,2020-06-30,0,未分配,10,半年度,0,0,中信股份,00267,,,0,0,0.0,0.0,0.0,0.0,0,0,0
213,,,按业务,港元,2020-06-30,57194000000.0000,合计,11,半年度,0,0,中信股份,00267,,,8289924000000.0000,8477252000000.0000,277176000000.0,1.0,255802000000.0,1.0,7395433000000.0000,7582696000000.0000,46544000000.0000
214,,,按业务,港元,2020-06-30,,博彩及娱乐,1,半年度,,,银河娱乐,00027,-1506006000.0000,7837610000.0000,90612484000.0000,88551050000.0000,24887005000.0,0.9491802866655853,5000458000.0,0.8035878518287582,19705940000.0000,19449579000.0000,
215,,,按业务,港元,2020-06-30,,建筑材料,2,半年度,,,银河娱乐,00027,508815000.0000,564147000.0000,5007568000.0000,5042135000.0000,1332466000.0,0.05081971333441472,1222207000.0,0.19641214817124175,1295256000.0000,1446052000.0000,
216,,,按业务,港元,2020-06-30,,公司及库务管理,3,半年度,,,银河娱乐,00027,-89599000.0000,-87100000.0000,76120000.0000,66681000.0000,0.0,0.0,0.0,0.0,540097000.0000,5870660000.0000,
217,,,按业务,港元,2020-06-30,,小计,4,半年度,,,银河娱乐,00027,-1086790000.0000,8314657000.0000,95696172000.0000,93659866000.0000,26219471000.0,1.0,6222665000.0,1.0,21541293000.0000,26766291000.0000,
218,,,按业务,港元,2020-06-30,,未分配,5,半年度,,,银河娱乐,00027,0,0,0,0,0.0,0.0,0.0,0.0,0,0,
219,,,按业务,港元,2020-06-30,,合计,6,半年度,,,银河娱乐,00027,-1086790000.0000,8314657000.0000,95696172000.0000,93659866000.0000,26219471000.0,1.0,6222665000.0,1.0,21541293000.0000,26766291000.0000,
220,,,按业务,美元,2020-06-30,,肉制品,1,半年度,-22000000.0000,-23000000.0000,万洲国际,00288,694000000.0000,761000000.0000,,,5886000000.0,0.5289835535184686,5836000000.0,0.4675907379216409,,,
221,,,按业务,美元,2020-06-30,,生鲜猪肉,2,半年度,-1949000000.0000,-2503000000.0000,万洲国际,00288,220000000.0000,103000000.0000,,,4600000000.0,0.413408825379707,5497000000.0,0.44042945276820766,,,
222,,,按业务,美元,2020-06-30,,生猪养殖,3,半年度,-1518000000.0000,-1344000000.0000,万洲国际,00288,46000000.0000,-45000000.0000,,,329000000.0,0.029567718163026873,639000000.0,0.05119782068744492,,,
223,,,按业务,美元,2020-06-30,,其他,4,半年度,-197000000.0000,-177000000.0000,万洲国际,00288,-35000000.0000,-54000000.0000,,,312000000.0,0.02803990293879752,509000000.0,0.040781988622706516,,,
224,,,按业务,美元,2020-06-30,,小计,5,半年度,-3686000000.0000,-4047000000.0000,万洲国际,00288,925000000.0000,765000000.0000,,,11127000000.0,1.0,12481000000.0,1.0,,,
225,,,按业务,美元,2020-06-30,,未分配,6,半年度,0,0,万洲国际,00288,0,0,,,0.0,0.0,0.0,0.0,,,
226,,,按业务,美元,2020-06-30,,合计,7,半年度,-3686000000.0000,-4047000000.0000,万洲国际,00288,925000000.0000,765000000.0000,,,11127000000.0,1.0,12481000000.0,1.0,,,
227,,,按业务,港元,2020-06-30,,燃气、水务及有关之业务-香港,1,半年度,,,香港中华煤气,00003,2656300000.0000,2619700000.0000,17358700000.0000,17256100000.0000,5207300000.0,0.25586308894992604,5115500000.0,0.280527328862152,,,
228,,,按业务,港元,2020-06-30,,燃气、水务及有关之业务-中国内地,2,半年度,,,香港中华煤气,00003,2792000000.0000,2888800000.0000,71570400000.0000,72676500000.0000,13459000000.0,0.6613141770547222,11526700000.0,0.632109150932532,,,
229,,,按业务,港元,2020-06-30,,新能源,3,半年度,,,香港中华煤气,00003,274700000.0000,303100000.0000,17756700000.0000,17366800000.0000,1267500000.0,0.0622791975196419,1167100000.0,0.06400223741863309,,,
230,,,按业务,港元,2020-06-30,,地产,4,半年度,,,香港中华煤气,00003,12300000.0000,17300000.0000,16165400000.0000,15857200000.0000,29400000.0,0.0014445825696863684,25600000.0,0.0014038705148804792,,,
231,,,按业务,港元,2020-06-30,,其他分部,5,半年度,,,香港中华煤气,00003,70400000.0000,49200000.0000,4588200000.0000,4520100000.0000,388700000.0,0.019098953906023515,400400000.0,0.021957412271802493,,,
232,,,按业务,港元,2020-06-30,,小计,6,半年度,,,香港中华煤气,00003,5805700000.0000,5878100000.0000,127439400000.0000,127676700000.0000,20351900000.0,1.0,18235300000.0,1.0,,,
233,,,按业务,港元,2020-06-30,,未分配,7,半年度,,,香港中华煤气,00003,0,0,13030700000.0000,11436000000.0000,0.0,0.0,0.0,0.0,,,
234,,,按业务,港元,2020-06-30,,合计,8,半年度,,,香港中华煤气,00003,5805700000.0000,5878100000.0000,140470100000.0000,139112700000.0000,20351900000.0,1.0,18235300000.0,1.0,,,
235,-6028000000.0000,-5289000000.0000,按业务,人民币元,2020-06-30,24247000000.0000,公司金融业务,1,半年度,,,交通银行,03328,,,3621399000000.0000,4054022000000.0000,25885000000.0,0.36945847963232564,28622000000.0,0.38757464556053567,4530252000000.0000,4791464000000.0000,17120000000.0000
236,-11009000000.0000,-8327000000.0000,按业务,人民币元,2020-06-30,15914000000.0000,个人金融业务,2,半年度,,,交通银行,03328,,,1906529000000.0000,1992261000000.0000,22917000000.0,0.32709600068510747,23634000000.0,0.3200314154558626,2061579000000.0000,2244351000000.0000,13801000000.0000
237,-2177000000.0000,-651000000.0000,按业务,人民币元,2020-06-30,8615000000.0000,资金业务,3,半年度,,,交通银行,03328,,,4327275000000.0000,4572221000000.0000,21233000000.0,0.3030601467271845,21564000000.0,0.29200124578531866,2472375000000.0000,2779256000000.0000,8587000000.0000
238,-211000000.0000,-194000000.0000,按业务,人民币元,2020-06-30,183000000.0000,其他业务,4,半年度,,,交通银行,03328,,,26332000000.0000,25383000000.0000,27000000.0,0.0003853729553823756,29000000.0,0.00039269319828298286,39564000000.0000,39839000000.0000,450000000.0000
239,-19425000000.0000,-14461000000.0000,按业务,人民币元,2020-06-30,48959000000.0000,小计,5,半年度,,,交通银行,03328,,,9881535000000.0000,10643887000000.0000,70062000000.0,1.0,73849000000.0,1.0,9103770000000.0000,9854910000000.0000,39958000000.0000
240,0,0,按业务,人民币元,2020-06-30,0,未分配,6,半年度,,,交通银行,03328,,,24065000000.0000,26045000000.0000,0.0,0.0,0.0,0.0,918000000.0000,890000000.0000,0
241,-19425000000.0000,-14461000000.0000,按业务,人民币元,2020-06-30,48959000000.0000,合计,7,半年度,,,交通银行,03328,,,9905600000000.0000,10669932000000.0000,70062000000.0,1.0,73849000000.0,1.0,9104688000000.0000,9855800000000.0000,39958000000.0000
242,20064000000.0000,20470000000.0000,按业务,人民币元,2020-06-30,,勘探及开发,1,半年度,44993000000.0000,28752000000.0000,中国石油化工股份,00386,-6002000000.0000,6243000000.0000,410950000000.0000,412276000000.0000,54495000000.0,0.03635433316699978,48011000000.0,0.046421257611825424,167933000000.0000,171767000000.0000,
243,8779000000.0000,9536000000.0000,按业务,人民币元,2020-06-30,,炼油,2,半年度,525368000000.0000,386115000000.0000,中国石油化工股份,00386,-31689000000.0000,19090000000.0000,321080000000.0000,300683000000.0000,69905000000.0,0.04663454739038663,50194000000.0,0.04853197401778687,122264000000.0000,110203000000.0000,
244,8071000000.0000,8646000000.0000,按业务,人民币元,2020-06-30,,营销及分销,3,半年度,1906000000.0000,2282000000.0000,中国石油化工股份,00386,8664000000.0000,14709000000.0000,399242000000.0000,405869000000.0000,672739000000.0,0.44879305882070397,510446000000.0,0.49354408912386416,226531000000.0000,241153000000.0000,
245,5674000000.0000,6117000000.0000,按业务,人民币元,2020-06-30,,化工,4,半年度,27843000000.0000,19038000000.0000,中国石油化工股份,00386,3194000000.0000,11895000000.0000,175884000000.0000,179062000000.0000,225366000000.0,0.150344630672797,149129000000.0,0.14419103385461485,54462000000.0000,50519000000.0000,
246,290000000.0000,221000000.0000,按业务,人民币元,2020-06-30,,本部及其他,5,半年度,324986000000.0000,221792000000.0000,中国石油化工股份,00386,-168000000.0000,-2555000000.0000,131686000000.0000,146762000000.0000,444328000000.0,0.29641706849117677,261906000000.0,0.25323375676579846,137881000000.0000,137303000000.0000,
247,0,0,按业务,人民币元,2020-06-30,,抵销分部间销售,6,半年度,-925096000000.0000,-669666000000.0000,中国石油化工股份,00386,4500000000.0000,-244000000.0000,0,0,0.0,0.0,0.0,0.0,0,0,
248,42878000000.0000,44990000000.0000,按业务,人民币元,2020-06-30,,小计,7,半年度,0,-11687000000.0000,中国石油化工股份,00386,-21501000000.0000,49138000000.0000,1438842000000.0000,1444652000000.0000,1466833000000.0,0.9785436385420642,1019686000000.0,0.9859221113738897,709071000000.0000,710945000000.0000,
249,0,0,按业务,人民币元,2020-06-30,,未分配,8,半年度,0,0,中国石油化工股份,00386,0,0,316229000000.0000,376987000000.0000,32163000000.0,0.021456361457935846,14560000000.0,0.01407788862611023,170165000000.0000,280508000000.0000,
250,42878000000.0000,44990000000.0000,按业务,人民币元,2020-06-30,,合计,9,半年度,0,-11687000000.0000,中国石油化工股份,00386,-21501000000.0000,49138000000.0000,1755071000000.0000,1821639000000.0000,1498996000000.0,1.0,1034246000000.0,1.0,879236000000.0000,991453000000.0000,
251,,,按业务,港元,2020-06-30,1498000000.0000,现货,1,半年度,,,香港交易所,00388,1968000000.0000,1561000000.0000,,,1863000000.0,0.26406803685329555,2253000000.0,0.28378889028844945,,,1940000000.0000
252,,,按业务,港元,2020-06-30,1283000000.0000,股本证券及金融衍生产品,2,半年度,,,香港交易所,00388,1331000000.0000,1340000000.0000,,,1631000000.0,0.23118355776045357,1638000000.0,0.20632321451064367,,,1274000000.0000
253,,,按业务,港元,2020-06-30,208000000.0000,商品,3,半年度,,,香港交易所,00388,420000000.0000,370000000.0000,,,694000000.0,0.09836995038979447,749000000.0,0.09434437586597809,,,247000000.0000
254,,,按业务,港元,2020-06-30,2683000000.0000,交易后业务,4,半年度,,,香港交易所,00388,3197000000.0000,2842000000.0000,,,2484000000.0,0.35209071580439405,2854000000.0,0.35949111978838644,,,3045000000.0000
255,,,按业务,港元,2020-06-30,251000000.0000,科技,5,半年度,,,香港交易所,00388,304000000.0000,271000000.0000,,,373000000.0,0.052870304748405386,442000000.0,0.055674518201284794,,,281000000.0000
256,,,按业务,港元,2020-06-30,127000000.0000,公司项目,6,半年度,,,香港交易所,00388,-514000000.0000,241000000.0000,,,10000000.0,0.001417434443656981,3000000.0,0.0003778813452575891,,,-683000000.0000
257,,,按业务,港元,2020-06-30,6050000000.0000,小计,7,半年度,,,香港交易所,00388,6706000000.0000,6625000000.0000,,,7055000000.0,1.0,7939000000.0,1.0,,,6104000000.0000
258,,,按业务,港元,2020-06-30,0,未分配,8,半年度,,,香港交易所,00388,0,0,,,0.0,0.0,0.0,0.0,,,0
259,,,按业务,港元,2020-06-30,6050000000.0000,合计,9,半年度,,,香港交易所,00388,6706000000.0000,6625000000.0000,,,7055000000.0,1.0,7939000000.0,1.0,,,6104000000.0000
260,,,按业务,港元,2020-06-30,237000000.0000,投资于港灯电力投资,1,半年度,,,电能实业,00006,0,0,,,0.0,0.0,0.0,0.0,,,271000000.0000
261,,,按业务,港元,2020-06-30,1832000000.0000,投资-英国,2,半年度,,,电能实业,00006,268000000.0000,279000000.0000,,,279000000.0,0.4195488721804511,268000000.0,0.4459234608985025,,,843000000.0000
262,,,按业务,港元,2020-06-30,753000000.0000,投资-澳洲,3,半年度,,,电能实业,00006,247000000.0000,298000000.0000,,,298000000.0,0.4481203007518797,247000000.0,0.41098169717138106,,,674000000.0000
263,,,按业务,港元,2020-06-30,254000000.0000,投资-中国内地,4,半年度,,,电能实业,00006,-8000000.0000,-10000000.0000,,,0.0,0.0,0.0,0.0,,,28000000.0000
264,,,按业务,港元,2020-06-30,374000000.0000,投资-其他,5,半年度,,,电能实业,00006,89000000.0000,91000000.0000,,,88000000.0,0.13233082706766916,86000000.0,0.14309484193011648,,,398000000.0000
265,,,按业务,港元,2020-06-30,377000000.0000,所有其他活动,6,半年度,,,电能实业,00006,60000000.0000,308000000.0000,,,0.0,0.0,0.0,0.0,,,107000000.0000
266,,,按业务,港元,2020-06-30,3827000000.0000,小计,7,半年度,,,电能实业,00006,656000000.0000,966000000.0000,,,665000000.0,1.0,601000000.0,1.0,,,2321000000.0000
267,,,按业务,港元,2020-06-30,0,未分配,8,半年度,,,电能实业,00006,0,0,,,0.0,0.0,0.0,0.0,,,0
268,,,按业务,港元,2020-06-30,3827000000.0000,合计,9,半年度,,,电能实业,00006,656000000.0000,966000000.0000,,,665000000.0,1.0,601000000.0,1.0,,,2321000000.0000
269,,,按业务,港元,2020-06-30,,香港客运业务,1,半年度,,,港铁公司,00066,-2579000000.0000,952000000.0000,,,10690000000.0,0.3781126202603282,6234000000.0,0.28871804371989623,,,
270,,,按业务,港元,2020-06-30,,香港车站商务,2,半年度,,,港铁公司,00066,1334000000.0000,2679000000.0000,,,3555000000.0,0.1257427843803056,1809000000.0,0.08378103001111523,,,
271,,,按业务,港元,2020-06-30,,香港物业租赁及管理业务,3,半年度,,,港铁公司,00066,2193000000.0000,2229000000.0000,,,2635000000.0,0.09320175438596491,2582000000.0,0.11958132641719155,,,
272,,,按业务,港元,2020-06-30,,中国内地及国际铁路、物业租赁及管理业务,4,半年度,,,港铁公司,00066,182000000.0000,560000000.0000,,,10558000000.0,0.3734436898698359,10465000000.0,0.4846702482400889,,,
273,,,按业务,港元,2020-06-30,,中国内地物业发展,5,半年度,,,港铁公司,00066,-4000000.0000,-10000000.0000,,,0.0,0.0,0.0,0.0,,,
274,,,按业务,港元,2020-06-30,,其他业务,6,半年度,,,港铁公司,00066,-95000000.0000,-1936000000.0000,,,834000000.0,0.029499151103565366,502000000.0,0.02324935161170804,,,
275,,,按业务,港元,2020-06-30,,小计,7,半年度,,,港铁公司,00066,1031000000.0000,4474000000.0000,,,28272000000.0,1.0,21592000000.0,1.0,,,
276,,,按业务,港元,2020-06-30,,未分配,8,半年度,,,港铁公司,00066,0,0,,,0.0,0.0,0.0,0.0,,,
277,,,按业务,港元,2020-06-30,,合计,9,半年度,,,港铁公司,00066,1031000000.0000,4474000000.0000,,,28272000000.0,1.0,21592000000.0,1.0,,,
278,,,按业务,美元,2020-06-30,,电动工具,1,半年度,0,0,创科实业,00669,359340000.0000,313928000.0000,,,3321761000.0,0.8909712795316405,3747549000.0,0.8910649055317109,,,
279,,,按业务,美元,2020-06-30,,地板护理及器具,2,半年度,112000.0000,86000.0000,创科实业,00669,3568000.0000,144000.0000,,,406486000.0,0.10902872046835953,458148000.0,0.10893509446828908,,,
280,,,按业务,美元,2020-06-30,,对销,3,半年度,-112000.0000,-86000.0000,创科实业,00669,0,0,,,0.0,0.0,0.0,0.0,,,
281,,,按业务,美元,2020-06-30,,小计,4,半年度,0,0,创科实业,00669,362908000.0000,314072000.0000,,,3728247000.0,1.0,4205697000.0,1.0,,,
282,,,按业务,美元,2020-06-30,,未分配,5,半年度,0,0,创科实业,00669,0,0,,,0.0,0.0,0.0,0.0,,,
283,,,按业务,美元,2020-06-30,,合计,6,半年度,0,0,创科实业,00669,362908000.0000,314072000.0000,,,3728247000.0,1.0,4205697000.0,1.0,,,
284,,,按业务,人民币元,2020-06-30,,物业发展,1,半年度,,,中国海外发展,00688,27386299000.0000,26880215000.0000,,,77648591000.0,0.9726008788914198,86345664000.0,0.974276741752968,,,
285,,,按业务,人民币元,2020-06-30,,物业投资,2,半年度,,,中国海外发展,00688,6493906000.0000,5885997000.0000,,,1810813000.0,0.022681651947915046,1922976000.0,0.02169779818647472,,,
286,,,按业务,人民币元,2020-06-30,,其他业务,3,半年度,,,中国海外发展,00688,5232000.0000,10730000.0000,,,376624000.0,0.004717469160665158,356758000.0,0.004025460060557358,,,
287,,,按业务,人民币元,2020-06-30,,小计,4,半年度,,,中国海外发展,00688,33885437000.0000,32776942000.0000,,,79836028000.0,1.0,88625398000.0,1.0,,,
288,,,按业务,人民币元,2020-06-30,,未分配,5,半年度,,,中国海外发展,00688,0,0,,,0.0,0.0,0.0,0.0,,,
289,,,按业务,人民币元,2020-06-30,,合计,6,半年度,,,中国海外发展,00688,33885437000.0000,32776942000.0000,,,79836028000.0,1.0,88625398000.0,1.0,,,
290,,,按业务,人民币元,2020-09-30,,增值服务,1,其他,,,腾讯控股,00700,,,,,147683000000.0,0.5439080442837044,197233000000.0,0.566118916746796,,,
291,,,按业务,人民币元,2020-09-30,,金融科技及企业服务,2,其他,,,腾讯控股,00700,,,,,71435000000.0,0.26309102024881964,89592000000.0,0.2571563885819257,,,
292,,,按业务,人民币元,2020-09-30,,网络广告,3,其他,,,腾讯控股,00700,,,,,48152000000.0,0.17734106260266203,57616000000.0,0.1653755076852423,,,
293,,,按业务,人民币元,2020-09-30,,其他,4,其他,,,腾讯控股,00700,,,,,4252000000.0,0.0156598728648139,3954000000.0,0.011349186986035965,,,
294,,,按业务,人民币元,2020-09-30,,小计,5,其他,,,腾讯控股,00700,,,,,271522000000.0,1.0,348395000000.0,1.0,,,
295,,,按业务,人民币元,2020-09-30,,未分配,6,其他,,,腾讯控股,00700,,,,,0.0,0.0,0.0,0.0,,,
296,,,按业务,人民币元,2020-09-30,,合计,7,其他,,,腾讯控股,00700,,,,,271522000000.0,1.0,348395000000.0,1.0,,,
297,,,按业务,人民币元,2020-06-30,,服务收入合计,1,半年度,,,中国联通,00762,,,,,132957000000.0,0.9172358127405935,138335000000.0,0.9197989321595511,,,
298,,,按业务,人民币元,2020-06-30,,销售通信产品收入,2,半年度,,,中国联通,00762,,,,,11997000000.0,0.08276418725940643,12062000000.0,0.08020106784044895,,,
299,,,按业务,人民币元,2020-06-30,,小计,3,半年度,,,中国联通,00762,,,,,144954000000.0,1.0,150397000000.0,1.0,,,
300,,,按业务,人民币元,2020-06-30,,未分配,4,半年度,,,中国联通,00762,,,,,0.0,0.0,0.0,0.0,,,
301,,,按业务,人民币元,2020-06-30,,合计,5,半年度,,,中国联通,00762,,,,,144954000000.0,1.0,150397000000.0,1.0,,,
302,69383000000.0000,54366000000.0000,按业务,人民币元,2020-06-30,,勘探与生产,1,半年度,-266789000000.0000,-212621000000.0000,中国石油股份,00857,11250000000.0000,55329000000.0000,1441761000000.0000,1516402000000.0000,59550000000.0,0.04978018974151919,42829000000.0,0.046100027447540215,594156000000.0000,659479000000.0000,
303,5948000000.0000,6418000000.0000,按业务,人民币元,2020-06-30,,炼油与化工,2,半年度,-341377000000.0000,-258798000000.0000,中国石油股份,00857,-9902000000.0000,7818000000.0000,356199000000.0000,394777000000.0000,144989000000.0,0.12120201394514064,111013000000.0,0.1194915208628215,130680000000.0000,179780000000.0000,
304,3266000000.0000,6491000000.0000,按业务,人民币元,2020-06-30,,销售,3,半年度,-166913000000.0000,-136436000000.0000,中国石油股份,00857,-8364000000.0000,1387000000.0000,463785000000.0000,491429000000.0000,815743000000.0,0.6819116930363742,612767000000.0,0.659566544139412,280690000000.0000,311763000000.0000,
305,5083000000.0000,7279000000.0000,按业务,人民币元,2020-06-30,,天然气与管道,4,半年度,-20703000000.0000,-17285000000.0000,中国石油股份,00857,14370000000.0000,17932000000.0000,526718000000.0000,533640000000.0000,175460000000.0,0.14667392262043588,162056000000.0,0.17443288538230117,263859000000.0000,280577000000.0000,
306,274000000.0000,207000000.0000,按业务,人民币元,2020-06-30,,总部及其他,5,半年度,-81000000.0000,-89000000.0000,中国石油股份,00857,-7024000000.0000,-8107000000.0000,1457574000000.0000,1648329000000.0000,517000000.0,0.0004321806565300658,380000000.0,0.0004090221679251274,633368000000.0000,635164000000.0000,
307,83954000000.0000,74761000000.0000,按业务,人民币元,2020-06-30,,小计,6,半年度,-795863000000.0000,-625229000000.0000,中国石油股份,00857,330000000.0000,74359000000.0000,4246037000000.0000,4584577000000.0000,1196259000000.0,1.0,929045000000.0,1.0,1902753000000.0000,2066763000000.0000,
308,0,0,按业务,人民币元,2020-06-30,,未分配,7,半年度,0,0,中国石油股份,00857,0,0,-1608258000000.0000,-1906953000000.0000,0.0,0.0,0.0,0.0,-691091000000.0000,-789804000000.0000,
309,83954000000.0000,74761000000.0000,按业务,人民币元,2020-06-30,,合计,8,半年度,-795863000000.0000,-625229000000.0000,中国石油股份,00857,330000000.0000,74359000000.0000,2637779000000.0000,2677624000000.0000,1196259000000.0,1.0,929045000000.0,1.0,1211662000000.0000,1276959000000.0000,
310,,,按业务,人民币元,2020-06-30,,勘探及生产,1,半年度,9728000000.0000,6761000000.0000,中国海洋石油,00883,10485000000.0000,30795000000.0000,562038000000.0000,551470000000.0000,87298000000.0,0.798649674769228,61176000000.0,0.8204935622317596,384359000000.0000,301927000000.0000,
311,,,按业务,人民币元,2020-06-30,,贸易业务,2,半年度,-9728000000.0000,-6761000000.0000,中国海洋石油,00883,192000000.0000,913000000.0000,6347000000.0000,2049000000.0000,21786000000.0,0.1993101997127357,13258000000.0,0.1778165236051502,4535000000.0000,1311000000.0000,
312,,,按业务,人民币元,2020-06-30,,公司,3,半年度,0,-27000000.0000,中国海洋石油,00883,-323000000.0000,-1456000000.0000,432894000000.0000,376732000000.0000,223000000.0,0.0020401255180363563,126000000.0,0.0016899141630901287,152870000000.0000,158518000000.0000,
313,,,按业务,人民币元,2020-06-30,,抵销,4,半年度,0,27000000.0000,中国海洋石油,00883,29000000.0000,36000000.0000,-243548000000.0000,-180237000000.0000,0.0,0.0,0.0,0.0,-232259000000.0000,-153509000000.0000,
314,,,按业务,人民币元,2020-06-30,,小计,5,半年度,0,0,中国海洋石油,00883,10383000000.0000,30288000000.0000,757731000000.0000,750014000000.0000,109307000000.0,1.0,74560000000.0,1.0,309505000000.0000,308247000000.0000,
315,,,按业务,人民币元,2020-06-30,,未分配,6,半年度,0,0,中国海洋石油,00883,0,0,0,0,0.0,0.0,0.0,0.0,0,0,
316,,,按业务,人民币元,2020-06-30,,合计,7,半年度,0,0,中国海洋石油,00883,10383000000.0000,30288000000.0000,757731000000.0000,750014000000.0000,109307000000.0,1.0,74560000000.0,1.0,309505000000.0000,308247000000.0000,
317,938000000.0000,741000000.0000,按业务,人民币元,2020-06-30,43876000000.0000,公司银行业务,1,半年度,,,建设银行,00939,,,8132225000000.0000,9401299000000.0000,134347000000.0,0.3901047368222378,143805000000.0,0.3995426812327047,10629081000000.0000,11588494000000.0000,32425000000.0000
318,1400000000.0000,1067000000.0000,按业务,人民币元,2020-06-30,85889000000.0000,个人银行业务,2,半年度,,,建设银行,00939,,,6658229000000.0000,7044737000000.0000,133277000000.0,0.3869977670469559,156250000000.0,0.4341194252119892,9174974000000.0000,10238749000000.0000,95742000000.0000
319,151000000.0000,108000000.0000,按业务,人民币元,2020-06-30,47738000000.0000,资金业务,3,半年度,,,建设银行,00939,,,9070449000000.0000,9464321000000.0000,55228000000.0,0.1603660997656706,48042000000.0,0.13347817872662007,1414808000000.0000,1334346000000.0000,40799000000.0000
320,2506000000.0000,3932000000.0000,按业务,人民币元,2020-06-30,13677000000.0000,其他业务,4,半年度,,,建设银行,00939,,,1739892000000.0000,1749622000000.0000,21535000000.0,0.06253139636513573,11827000000.0,0.032859714828686055,2230015000000.0000,2291768000000.0000,-193000000.0000
321,4995000000.0000,5848000000.0000,按业务,人民币元,2020-06-30,191180000000.0000,小计,5,半年度,,,建设银行,00939,,,25600795000000.0000,27659979000000.0000,344387000000.0,1.0,359924000000.0,1.0,23448878000000.0000,25453357000000.0000,168773000000.0000
322,0,0,按业务,人民币元,2020-06-30,0,未分配,6,半年度,,,建设银行,00939,,,-164534000000.0000,-4732000000.0000,0.0,0.0,0.0,0.0,-247744000000.0000,-99427000000.0000,0
323,4995000000.0000,5848000000.0000,按业务,人民币元,2020-06-30,191180000000.0000,合计,7,半年度,,,建设银行,00939,,,25436261000000.0000,27655247000000.0000,344387000000.0,1.0,359924000000.0,1.0,23201134000000.0000,25353930000000.0000,168773000000.0000
324,,,按业务,人民币元,2020-06-30,,语音业务,1,半年度,,,中国移动,00941,,,,,48536000000.0,0.12463439874482252,41188000000.0,0.10564736843455265,,,
325,,,按业务,人民币元,2020-06-30,,数据业务-短彩信业务,2,半年度,,,中国移动,00941,,,,,16245000000.0,0.04171513531419239,14639000000.0,0.0375490877564683,,,
326,,,按业务,人民币元,2020-06-30,,数据业务-无綫上网业务,3,半年度,,,中国移动,00941,,,,,201582000000.0,0.5176374519486322,208112000000.0,0.5338080300002821,,,
327,,,按业务,人民币元,2020-06-30,,数据业务-有綫宽带业务,4,半年度,,,中国移动,00941,,,,,32884000000.0,0.08444201352243168,36368000000.0,0.09328405106409174,,,
328,,,按业务,人民币元,2020-06-30,,数据业务-应用及信息服务,5,半年度,,,中国移动,00941,,,,,41069000000.0,0.10546007338987795,47698000000.0,0.12234554189548637,,,
329,,,按业务,人民币元,2020-06-30,,其他,6,半年度,,,中国移动,00941,,,,,11109000000.0,0.028526527436464343,10225000000.0,0.0262271618491624,,,
330,,,按业务,人民币元,2020-06-30,,销售产品收入及其他,7,半年度,,,中国移动,00941,,,,,38002000000.0,0.0975843996435789,31633000000.0,0.0811387589999564,,,
331,,,按业务,人民币元,2020-06-30,,小计,8,半年度,,,中国移动,00941,,,,,389427000000.0,1.0,389863000000.0,1.0,,,
332,,,按业务,人民币元,2020-06-30,,未分配,9,半年度,,,中国移动,00941,,,,,0.0,0.0,0.0,0.0,,,
333,,,按业务,人民币元,2020-06-30,,合计,10,半年度,,,中国移动,00941,,,,,389427000000.0,1.0,389863000000.0,1.0,,,
334,,,按业务,人民币元,2020-09-30,,核心商业,1,半年度,,,阿里巴巴-SW,09988,76086000000.0000,67118000000.0000,,,200764000000.0,0.8581821912362518,264240000000.0,0.8556717722871668,,,
335,,,按业务,人民币元,2020-09-30,,云计算,2,半年度,,,阿里巴巴-SW,09988,-5570000000.0000,-3437000000.0000,,,17078000000.0,0.07300131229669019,27244000000.0,0.08822253165376769,,,
336,,,按业务,人民币元,2020-09-30,,数字媒体及娱乐,3,半年度,,,阿里巴巴-SW,09988,-4369000000.0000,-6817000000.0000,,,13868000000.0,0.05927990390739545,15060000000.0,0.04876785078203426,,,
337,,,按业务,人民币元,2020-09-30,,创新业务及其他,4,半年度,,,阿里巴巴-SW,09988,-7847000000.0000,-5742000000.0000,,,2231000000.0,0.00953659255966248,2266000000.0,0.007337845277031184,,,
338,,,按业务,人民币元,2020-09-30,,未分摊,5,半年度,,,阿里巴巴-SW,09988,-9961000000.0000,-6383000000.0000,,,0.0,0.0,0.0,0.0,,,
339,,,按业务,人民币元,2020-09-30,,小计,6,半年度,,,阿里巴巴-SW,09988,48339000000.0000,44739000000.0000,,,233941000000.0,1.0,308810000000.0,1.0,,,
340,,,按业务,人民币元,2020-09-30,,未分配,7,半年度,,,阿里巴巴-SW,09988,0,0,,,0.0,0.0,0.0,0.0,,,
341,,,按业务,人民币元,2020-09-30,,合计,8,半年度,,,阿里巴巴-SW,09988,48339000000.0000,44739000000.0000,,,233941000000.0,1.0,308810000000.0,1.0,,,
